Model,Accuracy
Logistic Regression,0.9545300305395318
SVM,0.9518154054971157
Random Forest,0.9260264675941635
KNN,0.8836104513064132
